{"cameraMode":{"drawMode":0,"name":"Shaded","section":"Shading Mode"},"sceneLighting":true,"audioPlay":false,"sceneViewState":{"showFog":true,"showMaterialUpdate":false,"showSkybox":true,"showFlares":true,"showImageEffects":true,"showParticleSystems":true},"in2DMode":false,"pivot":{"x":-10.66417407989502,"y":1.7734375,"z":21.2178955078125},"rotation":{"x":0.7081658840179443,"y":-0.001059067784808576,"z":0.0010622496483847499,"w":0.706044614315033},"size":42.20812225341797,"orthographic":true}