{"cameraMode":{"drawMode":0,"name":"Shaded","section":"Shading Mode"},"sceneLighting":true,"audioPlay":false,"sceneViewState":{"m_AlwaysRefresh":false,"showFog":true,"showSkybox":true,"showFlares":true,"showImageEffects":true,"showParticleSystems":true,"showVisualEffectGraphs":true,"m_FxEnabled":true},"in2DMode":false,"pivot":{"x":-0.08452236652374268,"y":-5.170508861541748,"z":-10.808095932006836},"rotation":{"x":0.23382487893104554,"y":0.27517858147621157,"z":-0.06915240734815598,"w":0.9299985766410828},"size":0.7461223006248474,"orthographic":false}