{"cameraMode":{"drawMode":0,"name":"Shaded","section":"Shading Mode"},"sceneLighting":false,"audioPlay":false,"sceneViewState":{"showFog":true,"showMaterialUpdate":false,"showSkybox":false,"showFlares":true,"showImageEffects":true,"showParticleSystems":true},"in2DMode":false,"pivot":{"x":-2.881535291671753,"y":1.4247498512268067,"z":52.91656494140625},"rotation":{"x":0.4034545421600342,"y":0.24868127703666688,"z":-0.1149238646030426,"w":0.8730261325836182},"size":1.9395997524261475,"orthographic":false}